-- MySQL Script generated by MySQL Workbench
-- Thu May 13 12:19:46 2021
-- Model: New Model    Version: 1.0
-- MySQL Workbench Forward Engineering

SET @OLD_UNIQUE_CHECKS=@@UNIQUE_CHECKS, UNIQUE_CHECKS=0;
SET @OLD_FOREIGN_KEY_CHECKS=@@FOREIGN_KEY_CHECKS, FOREIGN_KEY_CHECKS=0;
SET @OLD_SQL_MODE=@@SQL_MODE, SQL_MODE='ONLY_FULL_GROUP_BY,STRICT_TRANS_TABLES,NO_ZERO_IN_DATE,NO_ZERO_DATE,ERROR_FOR_DIVISION_BY_ZERO,NO_ENGINE_SUBSTITUTION';

-- -----------------------------------------------------
-- Schema amazon
-- -----------------------------------------------------

-- -----------------------------------------------------
-- Schema amazon
-- -----------------------------------------------------
CREATE SCHEMA IF NOT EXISTS `amazon` DEFAULT CHARACTER SET utf8 ;
USE `amazon` ;

-- -----------------------------------------------------
-- Table `amazon`.`Author`
-- -----------------------------------------------------
CREATE TABLE IF NOT EXISTS `amazon`.`Author` (
  `id_author` INT NOT NULL,
  `address` VARCHAR(150) NULL,
  `number_of_books` INT NULL,
  PRIMARY KEY (`id_author`))
ENGINE = InnoDB;


-- -----------------------------------------------------
-- Table `amazon`.`Book`
-- -----------------------------------------------------
CREATE TABLE IF NOT EXISTS `amazon`.`Book` (
  `id_book` INT NOT NULL,
  `stock` INT NULL,
  `price` FLOAT NULL,
  `author_id` INT NOT NULL,
  PRIMARY KEY (`id_book`),
  CONSTRAINT `fk_Book_Author1`
    FOREIGN KEY (`author_id`)
    REFERENCES `amazon`.`Author` (`id_author`)
    ON DELETE NO ACTION
    ON UPDATE NO ACTION)
ENGINE = InnoDB;


-- -----------------------------------------------------
-- Table `amazon`.`User`
-- -----------------------------------------------------
CREATE TABLE IF NOT EXISTS `amazon`.`User` (
  `email` VARCHAR(45) NOT NULL,
  `user_name` VARCHAR(45) NULL,
  `password` VARCHAR(45) NULL,
  PRIMARY KEY (`email`))
ENGINE = InnoDB;


-- -----------------------------------------------------
-- Table `amazon`.`Bill`
-- -----------------------------------------------------
CREATE TABLE IF NOT EXISTS `amazon`.`Bill` (
  `id_bill` INT NOT NULL,
  `number_articles` INT NULL,
  `user_email` VARCHAR(45) NOT NULL,
  PRIMARY KEY (`id_bill`),
  CONSTRAINT `fk_Bill_User1`
    FOREIGN KEY (`user_email`)
    REFERENCES `amazon`.`User` (`email`)
    ON DELETE NO ACTION
    ON UPDATE NO ACTION)
ENGINE = InnoDB;


-- -----------------------------------------------------
-- Table `amazon`.`Book_has_Bill`
-- -----------------------------------------------------
CREATE TABLE IF NOT EXISTS `amazon`.`Book_has_Bill` (
  `book_id` INT NOT NULL,
  `bill_id` INT NOT NULL,
  PRIMARY KEY (`book_id`, `bill_id`),
  CONSTRAINT `fk_Book_has_Bill_Book1`
    FOREIGN KEY (`book_id`)
    REFERENCES `amazon`.`Book` (`id_book`)
    ON DELETE NO ACTION
    ON UPDATE NO ACTION,
  CONSTRAINT `fk_Book_has_Bill_Bill1`
    FOREIGN KEY (`bill_id`)
    REFERENCES `amazon`.`Bill` (`id_bill`)
    ON DELETE NO ACTION
    ON UPDATE NO ACTION)
ENGINE = InnoDB;


SET SQL_MODE=@OLD_SQL_MODE;
SET FOREIGN_KEY_CHECKS=@OLD_FOREIGN_KEY_CHECKS;
SET UNIQUE_CHECKS=@OLD_UNIQUE_CHECKS;

-- -----------------------------------------------------
-- Data for table `amazon`.`Author`
-- -----------------------------------------------------
START TRANSACTION;
USE `amazon`;
INSERT INTO `amazon`.`Author` (`id_author`, `address`, `number_of_books`) VALUES (32, 'Av. Shakespeare 34', 4);
INSERT INTO `amazon`.`Author` (`id_author`, `address`, `number_of_books`) VALUES (67, 'C/ 23 de abril 145', 2);
INSERT INTO `amazon`.`Author` (`id_author`, `address`, `number_of_books`) VALUES (54, 'C/ Cervantes 65', 1);
INSERT INTO `amazon`.`Author` (`id_author`, `address`, `number_of_books`) VALUES (47, 'Av. Pérez Galdós 56', 6);

COMMIT;


-- -----------------------------------------------------
-- Data for table `amazon`.`Book`
-- -----------------------------------------------------
START TRANSACTION;
USE `amazon`;
INSERT INTO `amazon`.`Book` (`id_book`, `stock`, `price`, `author_id`) VALUES (1, 21, 15.45, 32);
INSERT INTO `amazon`.`Book` (`id_book`, `stock`, `price`, `author_id`) VALUES (2, 13, 14.21, 67);
INSERT INTO `amazon`.`Book` (`id_book`, `stock`, `price`, `author_id`) VALUES (3, 5, 7.45, 54);
INSERT INTO `amazon`.`Book` (`id_book`, `stock`, `price`, `author_id`) VALUES (4, 35, 20.65, 47);

COMMIT;


-- -----------------------------------------------------
-- Data for table `amazon`.`User`
-- -----------------------------------------------------
START TRANSACTION;
USE `amazon`;
INSERT INTO `amazon`.`User` (`email`, `user_name`, `password`) VALUES ('anavera@gmail.com', 'anav', '123456');
INSERT INTO `amazon`.`User` (`email`, `user_name`, `password`) VALUES ('mariamontilla@gmail.com', 'mariam', '789123');
INSERT INTO `amazon`.`User` (`email`, `user_name`, `password`) VALUES ('itacademy@gmail.com', 'itacademy2021', 'abcdefg');

COMMIT;


-- -----------------------------------------------------
-- Data for table `amazon`.`Bill`
-- -----------------------------------------------------
START TRANSACTION;
USE `amazon`;
INSERT INTO `amazon`.`Bill` (`id_bill`, `number_articles`, `user_email`) VALUES (11, 3, 'anavera@gmail.com');
INSERT INTO `amazon`.`Bill` (`id_bill`, `number_articles`, `user_email`) VALUES (12, 2, 'mariamontilla@gmail.com');
INSERT INTO `amazon`.`Bill` (`id_bill`, `number_articles`, `user_email`) VALUES (13, 8, 'itacademy@gmail.com');

COMMIT;


-- -----------------------------------------------------
-- Data for table `amazon`.`Book_has_Bill`
-- -----------------------------------------------------
START TRANSACTION;
USE `amazon`;
INSERT INTO `amazon`.`Book_has_Bill` (`book_id`, `bill_id`) VALUES (2, 12);
INSERT INTO `amazon`.`Book_has_Bill` (`book_id`, `bill_id`) VALUES (4, 13);
INSERT INTO `amazon`.`Book_has_Bill` (`book_id`, `bill_id`) VALUES (3, 11);

COMMIT;

