-- MySQL Script generated by MySQL Workbench
-- Thu May 13 12:18:48 2021
-- Model: New Model    Version: 1.0
-- MySQL Workbench Forward Engineering

SET @OLD_UNIQUE_CHECKS=@@UNIQUE_CHECKS, UNIQUE_CHECKS=0;
SET @OLD_FOREIGN_KEY_CHECKS=@@FOREIGN_KEY_CHECKS, FOREIGN_KEY_CHECKS=0;
SET @OLD_SQL_MODE=@@SQL_MODE, SQL_MODE='ONLY_FULL_GROUP_BY,STRICT_TRANS_TABLES,NO_ZERO_IN_DATE,NO_ZERO_DATE,ERROR_FOR_DIVISION_BY_ZERO,NO_ENGINE_SUBSTITUTION';

-- -----------------------------------------------------
-- Schema Social
-- -----------------------------------------------------

-- -----------------------------------------------------
-- Schema Social
-- -----------------------------------------------------
CREATE SCHEMA IF NOT EXISTS `Social` DEFAULT CHARACTER SET utf8 ;
USE `Social` ;

-- -----------------------------------------------------
-- Table `Social`.`User`
-- -----------------------------------------------------
CREATE TABLE IF NOT EXISTS `Social`.`User` (
  `id_user` INT NOT NULL,
  `name` VARCHAR(45) NOT NULL,
  `email` VARCHAR(45) NOT NULL,
  `password` VARCHAR(45) NOT NULL,
  PRIMARY KEY (`id_user`))
ENGINE = InnoDB;


-- -----------------------------------------------------
-- Table `Social`.`Photo`
-- -----------------------------------------------------
CREATE TABLE IF NOT EXISTS `Social`.`Photo` (
  `id_photo` INT NOT NULL,
  `address` VARCHAR(45) NULL,
  `url` VARCHAR(150) NULL,
  `user_id` INT NOT NULL,
  PRIMARY KEY (`id_photo`),
  CONSTRAINT `fk_Photo_User`
    FOREIGN KEY (`user_id`)
    REFERENCES `Social`.`User` (`id_user`)
    ON DELETE NO ACTION
    ON UPDATE NO ACTION)
ENGINE = InnoDB;


-- -----------------------------------------------------
-- Table `Social`.`Relationship`
-- -----------------------------------------------------
CREATE TABLE IF NOT EXISTS `Social`.`Relationship` (
  `id_user1` INT NOT NULL,
  `id_user2` INT NOT NULL,
  `how_met` VARCHAR(45) NULL,
  PRIMARY KEY (`id_user1`, `id_user2`),
  CONSTRAINT `fk_Relationship_User1`
    FOREIGN KEY (`id_user2`)
    REFERENCES `Social`.`User` (`id_user`)
    ON DELETE NO ACTION
    ON UPDATE NO ACTION,
  CONSTRAINT `fk_Relationship_User2`
    FOREIGN KEY (`id_user1`)
    REFERENCES `Social`.`User` (`id_user`)
    ON DELETE NO ACTION
    ON UPDATE NO ACTION)
ENGINE = InnoDB;


SET SQL_MODE=@OLD_SQL_MODE;
SET FOREIGN_KEY_CHECKS=@OLD_FOREIGN_KEY_CHECKS;
SET UNIQUE_CHECKS=@OLD_UNIQUE_CHECKS;

-- -----------------------------------------------------
-- Data for table `Social`.`User`
-- -----------------------------------------------------
START TRANSACTION;
USE `Social`;
INSERT INTO `Social`.`User` (`id_user`, `name`, `email`, `password`) VALUES (1, 'Ana', 'anavera@gmail.com', '123456');
INSERT INTO `Social`.`User` (`id_user`, `name`, `email`, `password`) VALUES (2, 'María', 'mariamontilla@gmail.com', '789123');
INSERT INTO `Social`.`User` (`id_user`, `name`, `email`, `password`) VALUES (3, 'Yeray', 'yeray@gmail.com', 'abcdefg');
INSERT INTO `Social`.`User` (`id_user`, `name`, `email`, `password`) VALUES (4, 'Francisco', 'francisco@gmail.com', 'hijklmn');

COMMIT;


-- -----------------------------------------------------
-- Data for table `Social`.`Photo`
-- -----------------------------------------------------
START TRANSACTION;
USE `Social`;
INSERT INTO `Social`.`Photo` (`id_photo`, `address`, `url`, `user_id`) VALUES (11, 'Gran Canaria', 'https://urldelafoto.com', 1);
INSERT INTO `Social`.`Photo` (`id_photo`, `address`, `url`, `user_id`) VALUES (12, 'Tenerife', 'https://urldelafotodetenerife.com', 3);
INSERT INTO `Social`.`Photo` (`id_photo`, `address`, `url`, `user_id`) VALUES (13, NULL, 'https://urlfoto.net', 2);
INSERT INTO `Social`.`Photo` (`id_photo`, `address`, `url`, `user_id`) VALUES (14, 'Barcelona', NULL, 4);

COMMIT;


-- -----------------------------------------------------
-- Data for table `Social`.`Relationship`
-- -----------------------------------------------------
START TRANSACTION;
USE `Social`;
INSERT INTO `Social`.`Relationship` (`id_user1`, `id_user2`, `how_met`) VALUES (1, 2, 'Bar');
INSERT INTO `Social`.`Relationship` (`id_user1`, `id_user2`, `how_met`) VALUES (3, 4, 'Colegio');
INSERT INTO `Social`.`Relationship` (`id_user1`, `id_user2`, `how_met`) VALUES (1, 3, 'Concierto');
INSERT INTO `Social`.`Relationship` (`id_user1`, `id_user2`, `how_met`) VALUES (2, 4, 'Universidad');

COMMIT;

